first_seen	node_name	fuse_first	n_ids_first	rows
0	attn_norm-0.dst	2	4	5
1	node_13.dst	1	4	5
2	node_34.dst	1	4	5
3	node_40.dst	1	4	5
4	node_36.dst	1	4	5
5	gate-0.dst	1	4	5
6	z-0.dst	1	4	5
7	node_50.dst	2	4	5
8	node_54.dst	1	4	5
9	linear_attn_out-0.dst	1	4	5
10	attn_residual-0.dst	1	4	5
11	attn_post_norm-0.dst	2	4	5
12	ffn_moe_logits_raw-0.dst	1	4	5
13	ffn_moe_gate-0.dst	1	4	5
14	ffn_moe_up-0.dst	1	4	5
15	ffn_gate-0.dst	1	4	5
16	ffn_up-0.dst	1	4	4
17	shared_expert_gate-0.dst	1	2	4
18	ffn_moe_down-0.dst	1	4	4
19	ffn_shexp-0.dst	1	4	4
20	ffn_shexp_gated-0.dst	1	4	4
21	ffn_moe_weights_norm-0.dst	1	4	4
22	ffn_moe_weighted-0.dst	1	4	4
23	ffn_moe_out-0.dst	7	4	4
24	l_out-0.dst	2	4	4
25	attn_norm-1.dst	2	4	4
26	node_112.dst	1	4	4
27	node_133.dst	1	4	4
28	node_139.dst	1	4	4
29	node_135.dst	1	4	4
30	z-1.dst	1	4	4
31	gate-1.dst	1	4	4
32	norm-1.dst	1	4	4
33	node_149.dst	1	4	4
34	node_153.dst	1	4	4
35	attn_residual-1.dst	1	4	4
36	linear_attn_out-1.dst	1	4	4
37	attn_post_norm-1.dst	2	4	4
38	ffn_moe_logits_raw-1.dst	1	4	4
39	ffn_moe_gate-1.dst	1	4	4
40	ffn_moe_up-1.dst	1	4	4
41	ffn_gate-1.dst	1	4	4
42	ffn_up-1.dst	1	4	4
43	shared_expert_gate-1.dst	1	2	4
44	ffn_moe_down-1.dst	1	4	4
45	ffn_shexp-1.dst	1	4	4
46	ffn_shexp_gated-1.dst	1	4	4
47	ffn_moe_weights_norm-1.dst	1	4	4
48	ffn_moe_weighted-1.dst	1	4	4
49	ffn_moe_out-1.dst	7	4	4
50	l_out-1.dst	2	4	4
51	attn_norm-2.dst	2	4	4
52	node_211.dst	1	4	4
53	node_232.dst	1	4	4
54	node_238.dst	1	4	4
55	node_234.dst	1	4	4
56	gate-2.dst	1	4	4
57	z-2.dst	1	4	4
58	node_248.dst	1	4	4
59	node_252.dst	1	4	4
60	attn_residual-2.dst	1	4	4
61	attn_post_norm-2.dst	2	4	4
62	ffn_moe_logits_raw-2.dst	1	4	4
63	linear_attn_out-2.dst	1	4	4
64	norm-2.dst	1	4	4
65	ffn_moe_gate-2.dst	1	4	4
66	ffn_moe_up-2.dst	1	4	4
67	ffn_gate-2.dst	1	4	4
68	ffn_up-2.dst	1	4	4
69	shared_expert_gate-2.dst	1	2	4
70	ffn_moe_down-2.dst	1	4	4
71	ffn_shexp-2.dst	1	4	4
72	ffn_shexp_gated-2.dst	1	4	4
73	ffn_moe_weights_norm-2.dst	1	4	4
74	ffn_moe_weighted-2.dst	1	4	4
75	ffn_moe_out-2.dst	7	4	4
76	l_out-2.dst	2	4	4
77	attn_norm-3.dst	2	4	4
78	Qcur_full-3.dst	1	4	4
79	Vcur-3.dst	1	4	4
80	Kcur-3.dst	1	4	4
81	Qcur_normed-3.dst	2	4	4
82	Kcur_normed-3.dst	2	4	4
83	attn_gated-3.dst	1	4	4
84	node_333.dst	1	4	4
85	attn_output-3.dst	1	4	4
86	attn_post_norm-3.dst	2	4	4
87	ffn_moe_logits_raw-3.dst	1	4	4
88	attn_residual-3.dst	1	4	4
89	ffn_moe_gate-3.dst	1	4	4
90	ffn_moe_up-3.dst	1	4	4
91	ffn_gate-3.dst	1	4	4
92	ffn_up-3.dst	1	4	4
93	shared_expert_gate-3.dst	1	2	4
94	ffn_moe_down-3.dst	1	4	4
95	ffn_shexp-3.dst	1	4	4
96	ffn_shexp_gated-3.dst	1	4	4
97	ffn_moe_weights_norm-3.dst	1	4	4
98	ffn_moe_weighted-3.dst	1	4	4
99	ffn_moe_out-3.dst	7	4	4
100	l_out-3.dst	2	4	4
101	attn_norm-4.dst	2	4	4
102	node_397.dst	1	4	4
103	node_418.dst	1	4	4
104	node_424.dst	1	4	4
105	node_420.dst	1	4	4
106	gate-4.dst	1	4	4
107	z-4.dst	1	4	4
108	norm-4.dst	1	4	4
109	node_434.dst	1	4	4
110	node_438.dst	1	4	4
111	linear_attn_out-4.dst	1	4	4
112	attn_residual-4.dst	1	4	4
113	attn_post_norm-4.dst	2	4	4
114	ffn_moe_logits_raw-4.dst	1	4	4
115	ffn_moe_gate-4.dst	1	4	4
116	ffn_moe_up-4.dst	1	4	4
117	ffn_gate-4.dst	1	4	4
118	ffn_up-4.dst	1	4	4
119	shared_expert_gate-4.dst	1	2	4
120	ffn_moe_down-4.dst	1	4	4
121	ffn_shexp-4.dst	1	4	4
122	ffn_shexp_gated-4.dst	1	4	4
123	ffn_moe_weights_norm-4.dst	1	4	4
124	ffn_moe_weighted-4.dst	1	4	4
125	ffn_moe_out-4.dst	7	4	4
126	l_out-4.dst	2	4	4
127	attn_norm-5.dst	2	4	4
128	node_496.dst	1	4	4
129	node_517.dst	1	4	4
130	node_523.dst	1	4	4
131	node_519.dst	1	4	4
132	z-5.dst	1	4	4
133	gate-5.dst	1	4	4
134	norm-5.dst	1	4	4
135	node_533.dst	1	4	4
136	node_537.dst	1	4	4
137	linear_attn_out-5.dst	1	4	4
138	attn_residual-5.dst	1	4	4
139	attn_post_norm-5.dst	2	4	4
140	ffn_moe_logits_raw-5.dst	1	4	4
141	ffn_moe_gate-5.dst	1	4	4
142	ffn_moe_up-5.dst	1	4	4
143	ffn_gate-5.dst	1	4	4
144	ffn_up-5.dst	1	4	4
145	shared_expert_gate-5.dst	1	2	4
146	ffn_moe_down-5.dst	1	4	4
147	ffn_shexp-5.dst	1	4	4
148	ffn_shexp_gated-5.dst	1	4	4
149	ffn_moe_weights_norm-5.dst	1	4	4
150	ffn_moe_weighted-5.dst	1	4	4
151	ffn_moe_out-5.dst	7	4	4
152	l_out-5.dst	2	4	4
153	attn_norm-6.dst	2	4	4
154	node_595.dst	1	4	4
155	node_616.dst	1	4	4
156	node_622.dst	1	4	4
157	node_618.dst	1	4	4
158	gate-6.dst	1	4	4
159	z-6.dst	1	4	4
160	norm-6.dst	1	4	4
161	node_632.dst	1	4	4
162	attn_residual-6.dst	1	4	4
163	node_636.dst	1	4	4
164	attn_post_norm-6.dst	2	4	4
165	linear_attn_out-6.dst	1	4	4
166	ffn_moe_logits_raw-6.dst	1	4	4
167	ffn_moe_gate-6.dst	1	4	4
168	ffn_moe_up-6.dst	1	4	4
169	ffn_gate-6.dst	1	4	4
170	ffn_up-6.dst	1	4	4
171	shared_expert_gate-6.dst	1	2	4
172	ffn_moe_down-6.dst	1	4	4
173	ffn_shexp-6.dst	1	4	4
174	ffn_shexp_gated-6.dst	1	4	4
175	ffn_moe_weights_norm-6.dst	1	4	4
176	ffn_moe_weighted-6.dst	1	4	4
177	ffn_moe_out-6.dst	7	4	4
178	l_out-6.dst	2	4	4
179	attn_norm-7.dst	2	4	4
180	Qcur_full-7.dst	1	4	4
181	Vcur-7.dst	1	4	4
182	Kcur-7.dst	1	4	4
183	Qcur_normed-7.dst	2	4	4
184	Kcur_normed-7.dst	2	4	4
185	node_717.dst	1	4	4
186	attn_gated-7.dst	1	4	4
187	attn_output-7.dst	1	4	4
188	attn_residual-7.dst	1	4	4
189	attn_post_norm-7.dst	2	4	4
190	ffn_moe_logits_raw-7.dst	1	4	4
191	ffn_moe_gate-7.dst	1	4	4
192	ffn_moe_up-7.dst	1	4	4
193	ffn_gate-7.dst	1	4	4
194	ffn_up-7.dst	1	4	4
195	shared_expert_gate-7.dst	1	2	4
196	ffn_moe_down-7.dst	1	4	4
197	ffn_shexp-7.dst	1	4	4
198	ffn_shexp_gated-7.dst	1	4	4
199	ffn_moe_weights_norm-7.dst	1	4	4
200	ffn_moe_weighted-7.dst	1	4	4
201	ffn_moe_out-7.dst	7	4	4
202	l_out-7.dst	2	4	4
203	attn_norm-8.dst	2	4	4
204	node_781.dst	1	4	4
205	node_802.dst	1	4	4
206	node_808.dst	1	4	4
207	node_804.dst	1	4	4
208	z-8.dst	1	4	4
209	gate-8.dst	1	4	4
210	norm-8.dst	1	4	4
211	node_818.dst	1	4	4
212	attn_residual-8.dst	1	4	4
213	node_822.dst	1	4	4
214	attn_post_norm-8.dst	2	4	4
215	linear_attn_out-8.dst	1	4	4
216	ffn_moe_logits_raw-8.dst	1	4	4
217	ffn_moe_gate-8.dst	1	4	4
218	ffn_moe_up-8.dst	1	4	4
219	ffn_gate-8.dst	1	4	4
220	ffn_up-8.dst	1	4	4
221	shared_expert_gate-8.dst	1	2	4
222	ffn_moe_down-8.dst	1	4	4
223	ffn_shexp-8.dst	1	4	4
224	ffn_shexp_gated-8.dst	1	4	4
225	ffn_moe_weights_norm-8.dst	1	4	4
226	ffn_moe_weighted-8.dst	1	4	4
227	ffn_moe_out-8.dst	7	4	4
228	l_out-8.dst	2	4	4
229	attn_norm-9.dst	2	4	4
230	node_880.dst	1	4	4
231	node_901.dst	1	4	4
232	node_907.dst	1	4	4
233	node_903.dst	1	4	4
234	gate-9.dst	1	4	4
235	z-9.dst	1	4	4
236	norm-9.dst	1	4	4
237	node_917.dst	1	4	4
238	node_921.dst	1	4	4
239	attn_residual-9.dst	1	4	4
240	linear_attn_out-9.dst	1	4	4
241	attn_post_norm-9.dst	2	4	4
242	ffn_moe_logits_raw-9.dst	1	4	4
243	ffn_moe_gate-9.dst	1	4	4
244	ffn_moe_up-9.dst	1	4	4
245	ffn_gate-9.dst	1	4	4
246	ffn_up-9.dst	1	4	4
247	shared_expert_gate-9.dst	1	2	4
248	ffn_moe_down-9.dst	1	4	4
249	ffn_shexp-9.dst	1	4	4
250	ffn_shexp_gated-9.dst	1	4	4
251	ffn_moe_weights_norm-9.dst	1	4	4
252	ffn_moe_weighted-9.dst	1	4	4
253	ffn_moe_out-9.dst	7	4	4
254	l_out-9.dst	2	4	4
255	attn_norm-10.dst	2	4	4
256	node_979.dst	1	4	4
257	node_1000.dst	1	4	4
258	node_1006.dst	1	4	4
259	node_1002.dst	1	4	4
260	gate-10.dst	1	4	4
261	norm-10.dst	1	4	4
262	z-10.dst	1	4	3
263	node_1016.dst	1	4	4
264	node_1020.dst	1	4	4
265	attn_residual-10.dst	1	4	4
266	linear_attn_out-10.dst	1	4	4
267	attn_post_norm-10.dst	2	4	4
268	ffn_moe_logits_raw-10.dst	1	4	4
269	ffn_moe_gate-10.dst	1	4	4
270	ffn_moe_up-10.dst	1	4	4
271	ffn_gate-10.dst	1	4	4
272	ffn_up-10.dst	1	4	4
273	shared_expert_gate-10.dst	1	2	4
274	ffn_moe_down-10.dst	1	4	4
275	ffn_shexp-10.dst	1	4	4
276	ffn_shexp_gated-10.dst	1	4	4
277	ffn_moe_weights_norm-10.dst	1	4	4
278	ffn_moe_weighted-10.dst	1	4	4
279	ffn_moe_out-10.dst	7	4	4
280	l_out-10.dst	2	4	4
281	attn_norm-11.dst	2	4	4
282	Qcur_full-11.dst	1	4	4
283	Vcur-11.dst	1	4	4
284	Kcur-11.dst	1	4	4
285	Qcur_normed-11.dst	2	4	4
286	Kcur_normed-11.dst	2	4	4
287	node_1101.dst	1	4	4
288	attn_gated-11.dst	1	4	4
289	attn_output-11.dst	1	4	4
290	attn_post_norm-11.dst	2	4	4
291	attn_residual-11.dst	1	4	4
292	ffn_moe_logits_raw-11.dst	1	4	4
293	ffn_moe_gate-11.dst	1	4	4
294	ffn_moe_up-11.dst	1	4	4
295	ffn_gate-11.dst	1	4	4
296	ffn_up-11.dst	1	4	4
297	shared_expert_gate-11.dst	1	2	4
298	ffn_moe_down-11.dst	1	4	4
299	ffn_shexp-11.dst	1	4	4
300	ffn_shexp_gated-11.dst	1	4	4
301	ffn_moe_weights_norm-11.dst	1	4	4
302	ffn_moe_weighted-11.dst	1	4	4
303	ffn_moe_out-11.dst	7	4	4
304	l_out-11.dst	2	4	4
305	attn_norm-12.dst	2	4	4
306	node_1165.dst	1	4	4
307	node_1186.dst	1	4	4
308	node_1192.dst	1	4	4
309	node_1188.dst	1	4	4
310	z-12.dst	1	4	4
311	gate-12.dst	1	4	4
312	norm-12.dst	1	4	4
313	node_1202.dst	1	4	4
314	attn_residual-12.dst	1	4	4
315	node_1206.dst	1	4	4
316	attn_post_norm-12.dst	2	4	4
317	linear_attn_out-12.dst	1	4	4
318	ffn_moe_logits_raw-12.dst	1	4	4
319	ffn_moe_gate-12.dst	1	4	4
320	ffn_moe_up-12.dst	1	4	4
321	ffn_gate-12.dst	1	4	4
322	ffn_up-12.dst	1	4	4
323	shared_expert_gate-12.dst	1	2	4
324	ffn_moe_down-12.dst	1	4	4
325	ffn_shexp-12.dst	1	4	4
326	ffn_shexp_gated-12.dst	1	4	4
327	ffn_moe_weights_norm-12.dst	1	4	4
328	ffn_moe_weighted-12.dst	1	4	4
329	ffn_moe_out-12.dst	7	4	4
330	l_out-12.dst	2	4	4
331	attn_norm-13.dst	2	4	4
332	node_1264.dst	1	4	4
333	node_1285.dst	1	4	4
334	node_1291.dst	1	4	4
335	node_1287.dst	1	4	4
336	z-13.dst	1	4	4
337	gate-13.dst	1	4	4
338	norm-13.dst	1	4	4
339	node_1301.dst	1	4	4
340	node_1305.dst	1	4	4
341	linear_attn_out-13.dst	1	4	4
342	attn_residual-13.dst	1	4	4
343	attn_post_norm-13.dst	2	4	4
344	ffn_moe_logits_raw-13.dst	1	4	4
345	ffn_moe_gate-13.dst	1	4	4
346	ffn_moe_up-13.dst	1	4	4
347	ffn_gate-13.dst	1	4	4
348	ffn_up-13.dst	1	4	4
349	shared_expert_gate-13.dst	1	2	4
350	ffn_moe_down-13.dst	1	4	4
351	ffn_shexp-13.dst	1	4	4
352	ffn_shexp_gated-13.dst	1	4	4
353	ffn_moe_weights_norm-13.dst	1	4	4
354	ffn_moe_weighted-13.dst	1	4	4
355	ffn_moe_out-13.dst	7	4	4
356	l_out-13.dst	2	4	4
357	attn_norm-14.dst	2	4	4
358	node_1363.dst	1	4	4
359	node_1384.dst	1	4	4
360	node_1390.dst	1	4	4
361	node_1386.dst	1	4	4
362	gate-14.dst	1	4	4
363	z-14.dst	1	4	4
364	norm-14.dst	1	4	4
365	node_1400.dst	1	4	4
366	node_1404.dst	1	4	4
367	linear_attn_out-14.dst	1	4	4
368	attn_residual-14.dst	1	4	4
369	attn_post_norm-14.dst	2	4	4
370	ffn_moe_logits_raw-14.dst	1	4	4
371	ffn_moe_gate-14.dst	1	4	4
372	ffn_moe_up-14.dst	1	4	4
373	ffn_gate-14.dst	1	4	4
374	ffn_up-14.dst	1	4	4
375	shared_expert_gate-14.dst	1	2	4
376	ffn_moe_down-14.dst	1	4	4
377	ffn_shexp-14.dst	1	4	4
378	ffn_shexp_gated-14.dst	1	4	4
379	ffn_moe_weights_norm-14.dst	1	4	4
380	ffn_moe_weighted-14.dst	1	4	4
381	ffn_moe_out-14.dst	7	4	4
382	l_out-14.dst	2	4	4
383	attn_norm-15.dst	2	4	4
384	Qcur_full-15.dst	1	4	4
385	Vcur-15.dst	1	4	4
386	Kcur-15.dst	1	4	4
387	Qcur_normed-15.dst	2	4	4
388	Kcur_normed-15.dst	2	4	4
389	attn_gated-15.dst	1	4	4
390	node_1485.dst	1	4	4
391	attn_output-15.dst	1	4	4
392	attn_residual-15.dst	1	4	4
393	attn_post_norm-15.dst	2	4	4
394	ffn_moe_logits_raw-15.dst	1	4	4
395	ffn_moe_gate-15.dst	1	4	4
396	ffn_moe_up-15.dst	1	4	4
397	ffn_gate-15.dst	1	4	4
398	ffn_up-15.dst	1	4	4
399	shared_expert_gate-15.dst	1	2	4
400	ffn_moe_down-15.dst	1	4	4
401	ffn_shexp-15.dst	1	4	4
402	ffn_shexp_gated-15.dst	1	4	4
403	ffn_moe_weights_norm-15.dst	1	4	4
404	ffn_moe_weighted-15.dst	1	4	4
405	ffn_moe_out-15.dst	7	4	4
406	l_out-15.dst	2	4	4
407	attn_norm-16.dst	2	4	4
408	node_1549.dst	1	4	4
409	node_1570.dst	1	4	4
410	node_1576.dst	1	4	4
411	node_1572.dst	1	4	4
412	z-16.dst	1	4	4
413	gate-16.dst	1	4	4
414	node_1586.dst	1	4	4
415	node_1590.dst	1	4	4
416	linear_attn_out-16.dst	1	4	4
417	attn_residual-16.dst	1	4	4
418	attn_post_norm-16.dst	2	4	4
419	ffn_moe_logits_raw-16.dst	1	4	4
420	norm-16.dst	1	4	4
421	ffn_moe_gate-16.dst	1	4	4
422	ffn_moe_up-16.dst	1	4	4
423	ffn_gate-16.dst	1	4	4
424	ffn_up-16.dst	1	4	4
425	shared_expert_gate-16.dst	1	2	4
426	ffn_moe_down-16.dst	1	4	4
427	ffn_shexp-16.dst	1	4	4
428	ffn_shexp_gated-16.dst	1	4	4
429	ffn_moe_weights_norm-16.dst	1	4	4
430	ffn_moe_weighted-16.dst	1	4	4
431	ffn_moe_out-16.dst	7	4	4
432	l_out-16.dst	2	4	4
433	attn_norm-17.dst	2	4	4
434	node_1648.dst	1	4	4
435	node_1669.dst	1	4	4
436	node_1675.dst	1	4	4
437	node_1671.dst	1	4	4
438	z-17.dst	1	4	3
439	gate-17.dst	1	4	4
440	norm-17.dst	1	4	4
441	attn_residual-17.dst	1	4	4
442	attn_post_norm-17.dst	2	4	4
443	ffn_moe_logits_raw-17.dst	1	4	4
444	node_1685.dst	1	4	4
445	node_1689.dst	1	4	4
446	linear_attn_out-17.dst	1	4	4
447	ffn_moe_gate-17.dst	1	4	4
448	ffn_moe_up-17.dst	1	4	4
449	ffn_gate-17.dst	1	4	4
450	ffn_up-17.dst	1	4	4
451	shared_expert_gate-17.dst	1	2	4
452	ffn_moe_down-17.dst	1	4	4
453	ffn_shexp-17.dst	1	4	4
454	ffn_shexp_gated-17.dst	1	4	4
455	ffn_moe_weights_norm-17.dst	1	4	4
456	ffn_moe_weighted-17.dst	1	4	4
457	ffn_moe_out-17.dst	7	4	4
458	l_out-17.dst	2	4	4
459	attn_norm-18.dst	2	4	4
460	node_1747.dst	1	4	4
461	node_1768.dst	1	4	4
462	node_1774.dst	1	4	4
463	node_1770.dst	1	4	4
464	gate-18.dst	1	4	4
465	node_1784.dst	1	4	4
466	z-18.dst	1	4	4
467	attn_residual-18.dst	1	4	4
468	norm-18.dst	1	4	4
469	node_1788.dst	1	4	4
470	attn_post_norm-18.dst	2	4	4
471	ffn_moe_logits_raw-18.dst	1	4	4
472	linear_attn_out-18.dst	1	4	4
473	ffn_moe_gate-18.dst	1	4	4
474	ffn_moe_up-18.dst	1	4	4
475	ffn_gate-18.dst	1	4	4
476	ffn_up-18.dst	1	4	4
477	shared_expert_gate-18.dst	1	2	4
478	ffn_moe_down-18.dst	1	4	4
479	ffn_shexp-18.dst	1	4	4
480	ffn_shexp_gated-18.dst	1	4	4
481	ffn_moe_weights_norm-18.dst	1	4	4
482	ffn_moe_weighted-18.dst	1	4	4
483	ffn_moe_out-18.dst	7	4	4
484	l_out-18.dst	2	4	4
485	attn_norm-19.dst	2	4	4
486	Qcur_full-19.dst	1	4	4
487	Vcur-19.dst	1	4	4
488	Kcur-19.dst	1	4	4
489	Qcur_normed-19.dst	2	4	4
490	Kcur_normed-19.dst	2	4	4
491	node_1869.dst	1	4	4
492	attn_post_norm-19.dst	2	4	4
493	ffn_moe_logits_raw-19.dst	1	4	4
494	attn_gated-19.dst	1	4	4
495	attn_output-19.dst	1	4	4
496	attn_residual-19.dst	1	4	4
497	ffn_moe_gate-19.dst	1	4	4
498	ffn_moe_up-19.dst	1	4	4
499	ffn_gate-19.dst	1	4	4
500	ffn_up-19.dst	1	4	4
501	shared_expert_gate-19.dst	1	2	4
502	ffn_moe_down-19.dst	1	4	4
503	ffn_shexp-19.dst	1	4	4
504	ffn_shexp_gated-19.dst	1	4	4
505	ffn_moe_weights_norm-19.dst	1	4	4
506	ffn_moe_weighted-19.dst	1	4	4
507	ffn_moe_out-19.dst	7	4	4
508	l_out-19.dst	2	4	4
509	attn_norm-20.dst	2	4	4
510	node_1933.dst	1	4	4
511	node_1954.dst	1	4	4
512	node_1960.dst	1	4	4
513	node_1956.dst	1	4	4
514	norm-20.dst	1	4	4
515	z-20.dst	1	4	4
516	attn_residual-20.dst	1	4	4
517	attn_post_norm-20.dst	2	4	4
518	ffn_moe_logits_raw-20.dst	1	4	4
519	gate-20.dst	1	4	4
520	node_1970.dst	1	4	4
521	node_1974.dst	1	4	4
522	linear_attn_out-20.dst	1	4	4
523	ffn_moe_gate-20.dst	1	4	4
524	ffn_moe_up-20.dst	1	4	4
525	ffn_gate-20.dst	1	4	4
526	ffn_up-20.dst	1	4	4
527	shared_expert_gate-20.dst	1	2	4
528	ffn_moe_down-20.dst	1	4	4
529	ffn_shexp-20.dst	1	4	4
530	ffn_shexp_gated-20.dst	1	4	4
531	ffn_moe_weights_norm-20.dst	1	4	4
532	ffn_moe_weighted-20.dst	1	4	4
533	ffn_moe_out-20.dst	7	4	4
534	l_out-20.dst	2	4	4
535	attn_norm-21.dst	2	4	4
536	node_2032.dst	1	4	4
537	node_2053.dst	1	4	4
538	node_2059.dst	1	4	4
539	node_2055.dst	1	4	4
540	gate-21.dst	1	4	4
541	z-21.dst	1	4	4
542	node_2069.dst	1	4	4
543	node_2073.dst	1	4	4
544	attn_residual-21.dst	1	4	4
545	linear_attn_out-21.dst	1	4	4
546	attn_post_norm-21.dst	2	4	4
547	ffn_moe_logits_raw-21.dst	1	4	4
548	norm-21.dst	1	4	4
549	ffn_moe_gate-21.dst	1	4	4
550	ffn_moe_up-21.dst	1	4	4
551	ffn_gate-21.dst	1	4	4
552	ffn_up-21.dst	1	4	4
553	shared_expert_gate-21.dst	1	2	4
554	ffn_moe_down-21.dst	1	4	4
555	ffn_shexp-21.dst	1	4	4
556	ffn_shexp_gated-21.dst	1	4	4
557	ffn_moe_weights_norm-21.dst	1	4	4
558	ffn_moe_weighted-21.dst	1	4	4
559	ffn_moe_out-21.dst	7	4	4
560	l_out-21.dst	2	4	4
561	attn_norm-22.dst	2	4	4
562	node_2131.dst	1	4	4
563	node_2152.dst	1	4	4
564	node_2158.dst	1	4	4
565	node_2154.dst	1	4	4
566	z-22.dst	1	4	4
567	gate-22.dst	1	4	4
568	node_2168.dst	1	4	4
569	node_2172.dst	1	4	4
570	norm-22.dst	1	4	4
571	linear_attn_out-22.dst	1	4	4
572	attn_residual-22.dst	1	4	4
573	attn_post_norm-22.dst	2	4	4
574	ffn_moe_logits_raw-22.dst	1	4	4
575	ffn_moe_gate-22.dst	1	4	4
576	ffn_moe_up-22.dst	1	4	4
577	ffn_gate-22.dst	1	4	4
578	ffn_up-22.dst	1	4	4
579	shared_expert_gate-22.dst	1	2	4
580	ffn_moe_down-22.dst	1	4	4
581	ffn_shexp-22.dst	1	4	4
582	ffn_shexp_gated-22.dst	1	4	4
583	ffn_moe_weights_norm-22.dst	1	4	4
584	ffn_moe_weighted-22.dst	1	4	4
585	ffn_moe_out-22.dst	7	4	4
586	l_out-22.dst	2	4	4
587	attn_norm-23.dst	2	4	4
588	Qcur_full-23.dst	1	4	4
589	Vcur-23.dst	1	4	4
590	Kcur-23.dst	1	4	4
591	Qcur_normed-23.dst	2	4	4
592	Kcur_normed-23.dst	2	4	4
593	node_2253.dst	1	4	4
594	attn_gated-23.dst	1	4	4
595	attn_output-23.dst	1	4	4
596	attn_residual-23.dst	1	4	4
597	attn_post_norm-23.dst	2	4	4
598	ffn_moe_logits_raw-23.dst	1	4	4
599	ffn_moe_gate-23.dst	1	4	4
600	ffn_moe_up-23.dst	1	4	4
601	ffn_gate-23.dst	1	4	4
602	ffn_up-23.dst	1	4	4
603	shared_expert_gate-23.dst	1	2	4
604	ffn_moe_down-23.dst	1	4	4
605	ffn_shexp-23.dst	1	4	4
606	ffn_shexp_gated-23.dst	1	4	4
607	ffn_moe_weights_norm-23.dst	1	4	4
608	ffn_moe_weighted-23.dst	1	4	4
609	ffn_moe_out-23.dst	7	4	4
610	l_out-23.dst	2	4	4
611	attn_norm-24.dst	2	4	4
612	node_2317.dst	1	4	4
613	node_2338.dst	1	4	4
614	node_2344.dst	1	4	4
615	node_2340.dst	1	4	4
616	gate-24.dst	1	4	4
617	z-24.dst	1	4	4
618	attn_residual-24.dst	1	4	4
619	attn_post_norm-24.dst	2	4	4
620	ffn_moe_logits_raw-24.dst	1	4	4
621	node_2354.dst	1	4	4
622	node_2358.dst	1	4	4
623	linear_attn_out-24.dst	1	4	4
624	norm-24.dst	1	4	4
625	ffn_moe_gate-24.dst	1	4	4
626	ffn_moe_up-24.dst	1	4	4
627	ffn_gate-24.dst	1	4	4
628	ffn_up-24.dst	1	4	4
629	shared_expert_gate-24.dst	1	2	4
630	ffn_moe_down-24.dst	1	4	4
631	ffn_shexp-24.dst	1	4	4
632	ffn_shexp_gated-24.dst	1	4	4
633	ffn_moe_weights_norm-24.dst	1	4	4
634	ffn_moe_weighted-24.dst	1	4	4
635	ffn_moe_out-24.dst	7	4	4
636	l_out-24.dst	2	4	4
637	attn_norm-25.dst	2	4	4
638	node_2416.dst	1	4	4
639	node_2437.dst	1	4	4
640	node_2443.dst	1	4	4
641	node_2439.dst	1	4	4
642	gate-25.dst	1	4	4
643	z-25.dst	1	4	4
644	norm-25.dst	1	4	4
645	attn_residual-25.dst	1	4	4
646	attn_post_norm-25.dst	2	4	4
647	ffn_moe_logits_raw-25.dst	1	4	4
648	node_2453.dst	1	4	4
649	node_2457.dst	1	4	4
650	linear_attn_out-25.dst	1	4	4
651	ffn_moe_gate-25.dst	1	4	4
652	ffn_moe_up-25.dst	1	4	4
653	ffn_gate-25.dst	1	4	4
654	ffn_up-25.dst	1	4	4
655	shared_expert_gate-25.dst	1	2	4
656	ffn_moe_down-25.dst	1	4	4
657	ffn_shexp-25.dst	1	4	4
658	ffn_shexp_gated-25.dst	1	4	4
659	ffn_moe_weights_norm-25.dst	1	4	4
660	ffn_moe_weighted-25.dst	1	4	4
661	ffn_moe_out-25.dst	7	4	4
662	l_out-25.dst	2	4	4
663	attn_norm-26.dst	2	4	4
664	node_2515.dst	1	4	4
665	node_2536.dst	1	4	4
666	node_2542.dst	1	4	4
667	node_2538.dst	1	4	4
668	gate-26.dst	1	4	4
669	z-26.dst	1	4	4
670	node_2552.dst	1	4	4
671	node_2556.dst	1	4	4
672	linear_attn_out-26.dst	1	4	4
673	norm-26.dst	1	4	4
674	attn_residual-26.dst	1	4	4
675	attn_post_norm-26.dst	2	4	4
676	ffn_moe_logits_raw-26.dst	1	4	4
677	ffn_moe_gate-26.dst	1	4	4
678	ffn_moe_up-26.dst	1	4	4
679	ffn_gate-26.dst	1	4	4
680	ffn_up-26.dst	1	4	4
681	shared_expert_gate-26.dst	1	2	4
682	ffn_moe_down-26.dst	1	4	4
683	ffn_shexp-26.dst	1	4	4
684	ffn_shexp_gated-26.dst	1	4	4
685	ffn_moe_weights_norm-26.dst	1	4	4
686	ffn_moe_weighted-26.dst	1	4	4
687	ffn_moe_out-26.dst	7	4	4
688	l_out-26.dst	2	4	4
689	attn_norm-27.dst	2	4	4
690	Qcur_full-27.dst	1	4	4
691	Vcur-27.dst	1	4	4
692	Kcur-27.dst	1	4	4
693	Qcur_normed-27.dst	2	4	4
694	Kcur_normed-27.dst	2	4	4
695	node_2637.dst	1	4	4
696	attn_post_norm-27.dst	2	4	4
697	ffn_moe_logits_raw-27.dst	1	4	4
698	attn_gated-27.dst	1	4	4
699	attn_output-27.dst	1	4	4
700	attn_residual-27.dst	1	4	4
701	ffn_moe_gate-27.dst	1	4	4
702	ffn_moe_up-27.dst	1	4	4
703	ffn_gate-27.dst	1	4	4
704	ffn_up-27.dst	1	4	4
705	shared_expert_gate-27.dst	1	2	4
706	ffn_moe_down-27.dst	1	4	4
707	ffn_shexp-27.dst	1	4	4
708	ffn_shexp_gated-27.dst	1	4	4
709	ffn_moe_weights_norm-27.dst	1	4	4
710	ffn_moe_weighted-27.dst	1	4	4
711	ffn_moe_out-27.dst	7	4	4
712	l_out-27.dst	2	4	4
713	attn_norm-28.dst	2	4	4
714	node_2701.dst	1	4	4
715	node_2722.dst	1	4	4
716	node_2728.dst	1	4	4
717	node_2724.dst	1	4	4
718	gate-28.dst	1	4	4
719	z-28.dst	1	4	4
720	attn_residual-28.dst	1	4	4
721	attn_post_norm-28.dst	2	4	4
722	node_2738.dst	1	4	4
723	node_2742.dst	1	4	4
724	linear_attn_out-28.dst	1	4	4
725	ffn_moe_logits_raw-28.dst	1	4	4
726	norm-28.dst	1	4	4
727	ffn_moe_gate-28.dst	1	4	4
728	ffn_moe_up-28.dst	1	4	4
729	ffn_gate-28.dst	1	4	4
730	ffn_up-28.dst	1	4	4
731	shared_expert_gate-28.dst	1	2	4
732	ffn_moe_down-28.dst	1	4	4
733	ffn_shexp-28.dst	1	4	4
734	ffn_shexp_gated-28.dst	1	4	4
735	ffn_moe_weights_norm-28.dst	1	4	4
736	ffn_moe_weighted-28.dst	1	4	4
737	ffn_moe_out-28.dst	7	4	4
738	l_out-28.dst	2	4	4
739	attn_norm-29.dst	2	4	4
740	node_2800.dst	1	4	4
741	node_2821.dst	1	4	4
742	node_2827.dst	1	4	4
743	node_2823.dst	1	4	4
744	z-29.dst	1	4	4
745	gate-29.dst	1	4	4
746	norm-29.dst	1	4	4
747	node_2837.dst	1	4	4
748	node_2841.dst	1	4	4
749	linear_attn_out-29.dst	1	4	4
750	attn_residual-29.dst	1	4	4
751	attn_post_norm-29.dst	2	4	4
752	ffn_moe_logits_raw-29.dst	1	4	4
753	ffn_moe_gate-29.dst	1	4	4
754	ffn_moe_up-29.dst	1	4	4
755	ffn_gate-29.dst	1	4	4
756	ffn_up-29.dst	1	4	4
757	shared_expert_gate-29.dst	1	2	4
758	ffn_moe_down-29.dst	1	4	4
759	ffn_shexp-29.dst	1	4	4
760	ffn_shexp_gated-29.dst	1	4	4
761	ffn_moe_weights_norm-29.dst	1	4	4
762	ffn_moe_weighted-29.dst	1	4	4
763	ffn_moe_out-29.dst	7	4	4
764	l_out-29.dst	2	4	4
765	attn_norm-30.dst	2	4	4
766	node_2899.dst	1	4	4
767	node_2920.dst	1	4	4
768	node_2926.dst	1	4	4
769	node_2922.dst	1	4	4
770	gate-30.dst	1	4	4
771	norm-30.dst	1	4	4
772	node_2936.dst	1	4	4
773	z-30.dst	1	4	4
774	node_2940.dst	1	4	4
775	linear_attn_out-30.dst	1	4	4
776	attn_residual-30.dst	1	4	4
777	attn_post_norm-30.dst	2	4	4
778	ffn_moe_logits_raw-30.dst	1	4	4
779	ffn_moe_gate-30.dst	1	4	4
780	ffn_moe_up-30.dst	1	4	4
781	ffn_gate-30.dst	1	4	4
782	ffn_up-30.dst	1	4	4
783	shared_expert_gate-30.dst	1	2	4
784	ffn_moe_down-30.dst	1	4	4
785	ffn_shexp-30.dst	1	4	4
786	ffn_shexp_gated-30.dst	1	4	4
787	ffn_moe_weights_norm-30.dst	1	4	4
788	ffn_moe_weighted-30.dst	1	4	4
789	ffn_moe_out-30.dst	7	4	4
790	l_out-30.dst	2	4	4
791	attn_norm-31.dst	2	4	4
792	Qcur_full-31.dst	1	4	4
793	Vcur-31.dst	1	4	4
794	Kcur-31.dst	1	4	4
795	Qcur_normed-31.dst	2	4	4
796	Kcur_normed-31.dst	2	4	4
797	node_3021.dst	1	4	4
798	attn_gated-31.dst	1	4	4
799	attn_output-31.dst	1	4	4
800	attn_residual-31.dst	1	4	4
801	attn_post_norm-31.dst	2	4	4
802	ffn_moe_logits_raw-31.dst	1	4	4
803	ffn_moe_gate-31.dst	1	4	4
804	ffn_moe_up-31.dst	1	4	4
805	ffn_gate-31.dst	1	4	4
806	ffn_up-31.dst	1	4	4
807	shared_expert_gate-31.dst	1	2	4
808	ffn_moe_down-31.dst	1	4	4
809	ffn_shexp-31.dst	1	4	4
810	ffn_shexp_gated-31.dst	1	4	4
811	ffn_moe_weights_norm-31.dst	1	4	4
812	ffn_moe_weighted-31.dst	1	4	4
813	ffn_moe_out-31.dst	7	4	4
814	l_out-31.dst	2	4	4
815	attn_norm-32.dst	2	4	4
816	node_3085.dst	1	4	4
817	node_3106.dst	1	4	4
818	node_3112.dst	1	4	4
819	node_3108.dst	1	4	4
820	z-32.dst	1	4	4
821	norm-32.dst	1	4	4
822	gate-32.dst	1	4	4
823	attn_residual-32.dst	1	4	4
824	attn_post_norm-32.dst	2	4	4
825	ffn_moe_logits_raw-32.dst	1	4	4
826	node_3122.dst	1	4	4
827	node_3126.dst	1	4	4
828	linear_attn_out-32.dst	1	4	4
829	ffn_moe_gate-32.dst	1	4	4
830	ffn_moe_up-32.dst	1	4	4
831	ffn_gate-32.dst	1	4	4
832	ffn_up-32.dst	1	4	4
833	shared_expert_gate-32.dst	1	2	4
834	ffn_moe_down-32.dst	1	4	4
835	ffn_shexp-32.dst	1	4	4
836	ffn_shexp_gated-32.dst	1	4	4
837	ffn_moe_weights_norm-32.dst	1	4	4
838	ffn_moe_weighted-32.dst	1	4	4
839	ffn_moe_out-32.dst	7	4	4
840	l_out-32.dst	2	4	4
841	attn_norm-33.dst	2	4	4
842	node_3184.dst	1	4	4
843	node_3205.dst	1	4	4
844	node_3211.dst	1	4	4
845	node_3207.dst	1	4	4
846	gate-33.dst	1	4	4
847	z-33.dst	1	4	4
848	norm-33.dst	1	4	4
849	node_3221.dst	1	4	4
850	node_3225.dst	1	4	4
851	linear_attn_out-33.dst	1	4	4
852	attn_residual-33.dst	1	4	4
853	attn_post_norm-33.dst	2	4	4
854	ffn_moe_logits_raw-33.dst	1	4	4
855	ffn_moe_gate-33.dst	1	4	4
856	ffn_moe_up-33.dst	1	4	4
857	ffn_gate-33.dst	1	4	4
858	ffn_up-33.dst	1	4	4
859	shared_expert_gate-33.dst	1	2	4
860	ffn_moe_down-33.dst	1	4	4
861	ffn_shexp-33.dst	1	4	4
862	ffn_shexp_gated-33.dst	1	4	4
863	ffn_moe_weights_norm-33.dst	1	4	4
864	ffn_moe_weighted-33.dst	1	4	4
865	ffn_moe_out-33.dst	7	4	4
866	l_out-33.dst	2	4	4
867	attn_norm-34.dst	2	4	4
868	node_3283.dst	1	4	4
869	node_3304.dst	1	4	4
870	node_3310.dst	1	4	4
871	node_3306.dst	1	4	4
872	gate-34.dst	1	4	4
873	z-34.dst	1	4	4
874	node_3320.dst	1	4	4
875	norm-34.dst	1	4	4
876	node_3324.dst	1	4	4
877	linear_attn_out-34.dst	1	4	4
878	attn_residual-34.dst	1	4	4
879	attn_post_norm-34.dst	2	4	4
880	ffn_moe_logits_raw-34.dst	1	4	4
881	ffn_moe_gate-34.dst	1	4	4
882	ffn_moe_up-34.dst	1	4	4
883	ffn_gate-34.dst	1	4	4
884	ffn_up-34.dst	1	4	4
885	shared_expert_gate-34.dst	1	2	4
886	ffn_moe_down-34.dst	1	4	4
887	ffn_shexp-34.dst	1	4	4
888	ffn_shexp_gated-34.dst	1	4	4
889	ffn_moe_weights_norm-34.dst	1	4	4
890	ffn_moe_weighted-34.dst	1	4	4
891	ffn_moe_out-34.dst	7	4	4
892	l_out-34.dst	2	4	4
893	attn_norm-35.dst	2	4	4
894	Qcur_full-35.dst	1	4	4
895	Vcur-35.dst	1	4	4
896	Kcur-35.dst	1	4	4
897	Qcur_normed-35.dst	2	4	4
898	Kcur_normed-35.dst	2	4	4
899	attn_gated-35.dst	1	4	4
900	node_3405.dst	1	4	4
901	attn_output-35.dst	1	4	4
902	attn_residual-35.dst	1	4	4
903	attn_post_norm-35.dst	2	4	4
904	ffn_moe_logits_raw-35.dst	1	4	4
905	ffn_moe_gate-35.dst	1	4	4
906	ffn_moe_up-35.dst	1	4	4
907	ffn_gate-35.dst	1	4	4
908	ffn_up-35.dst	1	4	4
909	shared_expert_gate-35.dst	1	2	4
910	ffn_moe_down-35.dst	1	4	4
911	ffn_shexp-35.dst	1	4	4
912	ffn_shexp_gated-35.dst	1	4	4
913	ffn_moe_weights_norm-35.dst	1	4	4
914	ffn_moe_weighted-35.dst	1	4	4
915	ffn_moe_out-35.dst	7	4	4
916	l_out-35.dst	2	4	4
917	attn_norm-36.dst	2	4	4
918	node_3469.dst	1	4	4
919	node_3490.dst	1	4	4
920	node_3496.dst	1	4	4
921	node_3492.dst	1	4	4
922	gate-36.dst	1	4	4
923	norm-36.dst	1	4	4
924	node_3506.dst	1	4	4
925	node_3510.dst	1	4	4
926	linear_attn_out-36.dst	1	4	4
927	attn_residual-36.dst	1	4	4
928	attn_post_norm-36.dst	2	4	4
929	z-36.dst	1	4	4
930	ffn_moe_logits_raw-36.dst	1	4	4
931	ffn_moe_gate-36.dst	1	4	4
932	ffn_moe_up-36.dst	1	4	4
933	ffn_gate-36.dst	1	4	4
934	ffn_up-36.dst	1	4	4
935	shared_expert_gate-36.dst	1	2	4
936	ffn_moe_down-36.dst	1	4	4
937	ffn_shexp-36.dst	1	4	4
938	ffn_shexp_gated-36.dst	1	4	4
939	ffn_moe_weights_norm-36.dst	1	4	4
940	ffn_moe_weighted-36.dst	1	4	4
941	ffn_moe_out-36.dst	7	4	4
942	l_out-36.dst	2	4	4
943	attn_norm-37.dst	2	4	4
944	node_3568.dst	1	4	4
945	node_3589.dst	1	4	4
946	node_3595.dst	1	4	4
947	node_3591.dst	1	4	4
948	gate-37.dst	1	4	4
949	z-37.dst	1	4	4
950	norm-37.dst	1	4	4
951	attn_residual-37.dst	1	4	4
952	attn_post_norm-37.dst	2	4	4
953	ffn_moe_logits_raw-37.dst	1	4	4
954	node_3605.dst	1	4	4
955	node_3609.dst	1	4	4
956	linear_attn_out-37.dst	1	4	4
957	ffn_moe_gate-37.dst	1	4	4
958	ffn_moe_up-37.dst	1	4	4
959	ffn_gate-37.dst	1	4	4
960	ffn_up-37.dst	1	4	4
961	shared_expert_gate-37.dst	1	2	4
962	ffn_moe_down-37.dst	1	4	4
963	ffn_shexp-37.dst	1	4	4
964	ffn_shexp_gated-37.dst	1	4	4
965	ffn_moe_weights_norm-37.dst	1	4	4
966	ffn_moe_weighted-37.dst	1	4	4
967	ffn_moe_out-37.dst	7	4	4
968	l_out-37.dst	2	4	4
969	attn_norm-38.dst	2	4	4
970	node_3667.dst	1	4	4
971	node_3688.dst	1	4	4
972	node_3694.dst	1	4	4
973	node_3690.dst	1	4	4
974	gate-38.dst	1	4	4
975	z-38.dst	1	4	4
976	node_3704.dst	1	4	4
977	node_3708.dst	1	4	4
978	attn_residual-38.dst	1	4	4
979	linear_attn_out-38.dst	1	4	4
980	attn_post_norm-38.dst	2	4	4
981	ffn_moe_logits_raw-38.dst	1	4	4
982	norm-38.dst	1	4	4
983	ffn_moe_gate-38.dst	1	4	4
984	ffn_moe_up-38.dst	1	4	4
985	ffn_gate-38.dst	1	4	4
986	ffn_up-38.dst	1	4	4
987	shared_expert_gate-38.dst	1	2	4
988	ffn_moe_down-38.dst	1	4	4
989	ffn_shexp-38.dst	1	4	4
990	ffn_shexp_gated-38.dst	1	4	4
991	ffn_moe_weights_norm-38.dst	1	4	4
992	ffn_moe_weighted-38.dst	1	4	4
993	ffn_moe_out-38.dst	7	4	4
994	l_out-38.dst	2	4	4
995	attn_norm-39.dst	2	4	4
996	Qcur_full-39.dst	1	4	4
997	Vcur-39.dst	1	4	4
998	Kcur-39.dst	1	4	4
999	Qcur_normed-39.dst	2	4	4
1000	Kcur_normed-39.dst	2	4	4
1001	node_3789.dst	1	4	4
1002	attn_gated-39.dst	1	4	4
1003	attn_residual-39.dst	1	4	4
1004	attn_post_norm-39.dst	2	4	4
1005	attn_output-39.dst	1	4	4
1006	ffn_moe_logits_raw-39.dst	1	4	4
1007	ffn_moe_gate-39.dst	1	4	4
1008	ffn_moe_up-39.dst	1	4	4
1009	ffn_gate-39.dst	1	4	4
1010	ffn_up-39.dst	1	4	4
1011	shared_expert_gate-39.dst	1	2	4
1012	ffn_moe_down-39.dst	1	4	4
1013	ffn_shexp-39.dst	1	4	4
1014	ffn_shexp_gated-39.dst	1	4	4
1015	ffn_moe_weights_norm-39.dst	1	4	4
1016	ffn_moe_weighted-39.dst	1	4	4
1017	ffn_moe_out-39.dst	7	4	4
1018	l_out-39.dst	2	4	4
1019	h_nextn.dst	2	4	4
1020	result_output.dst	1	4	2
